title,url,status,reason
Stream 1,https://allinonedev.top/apis/stream/amrbd20/stream.m3u8?id=1,DEAD,error:ConnectionError
Stream 2,https://allinonedev.top/apis/stream/amrbd20/stream.m3u8?id=2,DEAD,error:ConnectionError
Stream 3,https://allinonedev.top/apis/stream/amrbd20/stream.m3u8?id=3,DEAD,error:ConnectionError
Stream 4,https://allinonedev.top/apis/stream/amrbd20/stream.m3u8?id=4,DEAD,error:ConnectionError
Stream 5,https://allinonedev.top/apis/stream/amrbd20/stream.m3u8?id=5,DEAD,error:ConnectionError
Stream 6,https://allinonedev.top/apis/stream/amrbd20/stream.m3u8?id=6,DEAD,error:ConnectionError
Stream 7,https://allinonedev.top/apis/stream/amrbd20/stream.m3u8?id=7,DEAD,error:ConnectionError
Stream 8,https://allinonedev.top/apis/stream/amrbd20/stream.m3u8?id=8,DEAD,error:ConnectionError
Stream 9,https://allinonedev.top/apis/stream/amrbd20/stream.m3u8?id=9,DEAD,error:ConnectionError
Stream 10,https://allinonedev.top/apis/stream/amrbd20/stream.m3u8?id=10,DEAD,error:ConnectionError
Stream 11,https://allinonedev.top/apis/stream/amrbd20/stream.m3u8?id=11,DEAD,error:ConnectionError
Stream 12,https://allinonedev.top/apis/stream/amrbd20/stream.m3u8?id=12,DEAD,error:ConnectionError
Stream 13,https://allinonedev.top/apis/stream/amrbd20/stream.m3u8?id=13,DEAD,error:ConnectionError
Stream 14,https://allinonedev.top/apis/stream/amrbd20/stream.m3u8?id=14,DEAD,error:ConnectionError
Stream 15,https://allinonedev.top/apis/stream/amrbd20/stream.m3u8?id=15,DEAD,error:ConnectionError
Stream 16,https://allinonedev.top/apis/stream/amrbd20/stream.m3u8?id=16,DEAD,error:ConnectionError
Stream 17,https://allinonedev.top/apis/stream/amrbd20/stream.m3u8?id=17,DEAD,error:ConnectionError
Stream 18,https://allinonedev.top/apis/stream/amrbd20/stream.m3u8?id=18,DEAD,error:ConnectionError
Stream 19,https://allinonedev.top/apis/stream/amrbd20/stream.m3u8?id=19,DEAD,error:ConnectionError
Stream 20,https://allinonedev.top/apis/stream/amrbd20/stream.m3u8?id=20,DEAD,error:ConnectionError
Stream 21,https://allinonedev.top/apis/stream/amrbd20/stream.m3u8?id=21,DEAD,error:ConnectionError
Stream 22,https://allinonedev.top/apis/stream/amrbd20/stream.m3u8?id=22,DEAD,error:ConnectionError
Stream 23,https://allinonedev.top/apis/stream/amrbd20/stream.m3u8?id=23,DEAD,error:ConnectionError
Stream 24,https://allinonedev.top/apis/stream/amrbd20/stream.m3u8?id=24,DEAD,error:ConnectionError
Stream 25,https://allinonedev.top/apis/stream/amrbd20/stream.m3u8?id=25,DEAD,error:ConnectionError
Stream 26,https://allinonedev.top/apis/stream/amrbd20/stream.m3u8?id=26,DEAD,error:ConnectionError
Stream 27,https://allinonedev.top/apis/stream/amrbd20/stream.m3u8?id=27,DEAD,error:ConnectionError
Stream 28,https://allinonedev.top/apis/stream/amrbd20/stream.m3u8?id=28,DEAD,error:ConnectionError
Stream 29,https://allinonedev.top/apis/stream/amrbd20/stream.m3u8?id=29,DEAD,error:ConnectionError
Stream 30,https://allinonedev.top/apis/stream/amrbd20/stream.m3u8?id=30,DEAD,error:ConnectionError
Stream 31,https://allinonedev.top/apis/stream/amrbd20/stream.m3u8?id=31,DEAD,error:ConnectionError
Stream 32,https://allinonedev.top/apis/stream/amrbd20/stream.m3u8?id=32,DEAD,error:ConnectionError
Stream 33,https://allinonedev.top/apis/stream/amrbd20/stream.m3u8?id=33,DEAD,error:ConnectionError
Stream 34,https://allinonedev.top/apis/stream/amrbd20/stream.m3u8?id=34,DEAD,error:ConnectionError
Stream 35,https://allinonedev.top/apis/stream/amrbd20/stream.m3u8?id=35,DEAD,error:ConnectionError
Stream 36,https://allinonedev.top/apis/stream/amrbd20/stream.m3u8?id=36,DEAD,error:ConnectionError
Stream 37,https://allinonedev.top/apis/stream/amrbd20/stream.m3u8?id=37,DEAD,error:ConnectionError
Stream 38,https://allinonedev.top/apis/stream/amrbd20/stream.m3u8?id=38,DEAD,error:ConnectionError
Stream 39,https://allinonedev.top/apis/stream/amrbd20/stream.m3u8?id=39,DEAD,error:ConnectionError
Stream 40,https://allinonedev.top/apis/stream/amrbd20/stream.m3u8?id=40,DEAD,error:ConnectionError
Stream 41,https://allinonedev.top/apis/stream/amrbd20/stream.m3u8?id=41,DEAD,error:ConnectionError
Stream 42,https://allinonedev.top/apis/stream/amrbd20/stream.m3u8?id=42,DEAD,error:ConnectionError
Stream 43,https://allinonedev.top/apis/stream/amrbd20/stream.m3u8?id=43,DEAD,error:ConnectionError
Stream 44,https://allinonedev.top/apis/stream/amrbd20/stream.m3u8?id=44,DEAD,error:ConnectionError
Stream 45,https://allinonedev.top/apis/stream/amrbd20/stream.m3u8?id=45,DEAD,error:ConnectionError
Stream 46,https://allinonedev.top/apis/stream/amrbd20/stream.m3u8?id=46,DEAD,error:ConnectionError
Stream 47,https://allinonedev.top/apis/stream/amrbd20/stream.m3u8?id=47,DEAD,error:ConnectionError
Stream 48,https://allinonedev.top/apis/stream/amrbd20/stream.m3u8?id=48,DEAD,error:ConnectionError
Stream 49,https://allinonedev.top/apis/stream/amrbd20/stream.m3u8?id=49,DEAD,error:ConnectionError
Stream 50,https://allinonedev.top/apis/stream/amrbd20/stream.m3u8?id=50,DEAD,error:ConnectionError
Stream 51,https://allinonedev.top/apis/stream/amrbd20/stream.m3u8?id=51,DEAD,error:ConnectionError
Stream 52,https://allinonedev.top/apis/stream/amrbd20/stream.m3u8?id=52,DEAD,error:ConnectionError
Stream 53,https://allinonedev.top/apis/stream/amrbd20/stream.m3u8?id=53,DEAD,error:ConnectionError
Stream 54,https://allinonedev.top/apis/stream/amrbd20/stream.m3u8?id=54,DEAD,error:ConnectionError
Stream 55,https://allinonedev.top/apis/stream/amrbd20/stream.m3u8?id=55,DEAD,error:ConnectionError
Stream 56,https://allinonedev.top/apis/stream/amrbd20/stream.m3u8?id=56,DEAD,error:ConnectionError
Stream 57,https://allinonedev.top/apis/stream/amrbd20/stream.m3u8?id=57,DEAD,error:ConnectionError
Stream 58,https://allinonedev.top/apis/stream/amrbd20/stream.m3u8?id=58,DEAD,error:ConnectionError
Stream 59,https://allinonedev.top/apis/stream/amrbd20/stream.m3u8?id=59,DEAD,error:ConnectionError
Stream 60,https://allinonedev.top/apis/stream/amrbd20/stream.m3u8?id=60,DEAD,error:ConnectionError
Stream 61,https://allinonedev.top/apis/stream/amrbd20/stream.m3u8?id=61,DEAD,error:ConnectionError
Stream 62,https://allinonedev.top/apis/stream/amrbd20/stream.m3u8?id=62,DEAD,error:ConnectionError
Stream 63,https://allinonedev.top/apis/stream/amrbd20/stream.m3u8?id=63,DEAD,error:ConnectionError
Stream 64,https://allinonedev.top/apis/stream/amrbd20/stream.m3u8?id=64,DEAD,error:ConnectionError
Stream 65,https://allinonedev.top/apis/stream/amrbd20/stream.m3u8?id=65,DEAD,error:ConnectionError
Stream 66,https://allinonedev.top/apis/stream/amrbd20/stream.m3u8?id=66,DEAD,error:ConnectionError
Stream 67,https://allinonedev.top/apis/stream/amrbd20/stream.m3u8?id=67,DEAD,error:ConnectionError
Stream 68,https://allinonedev.top/apis/stream/amrbd20/stream.m3u8?id=68,DEAD,error:ConnectionError
Stream 69,https://allinonedev.top/apis/stream/amrbd20/stream.m3u8?id=69,DEAD,error:ConnectionError
Stream 70,https://allinonedev.top/apis/stream/amrbd20/stream.m3u8?id=70,DEAD,error:ConnectionError
Stream 71,https://allinonedev.top/apis/stream/amrbd20/stream.m3u8?id=71,DEAD,error:ConnectionError
Stream 72,https://allinonedev.top/apis/stream/amrbd20/stream.m3u8?id=72,DEAD,error:ConnectionError
Stream 73,https://allinonedev.top/apis/stream/amrbd20/stream.m3u8?id=73,DEAD,error:ConnectionError
Stream 74,https://allinonedev.top/apis/stream/amrbd20/stream.m3u8?id=74,DEAD,error:ConnectionError
Stream 75,https://allinonedev.top/apis/stream/amrbd20/stream.m3u8?id=75,DEAD,error:ConnectionError
Stream 76,https://allinonedev.top/apis/stream/amrbd20/stream.m3u8?id=76,DEAD,error:ConnectionError
Stream 77,https://allinonedev.top/apis/stream/amrbd20/stream.m3u8?id=77,DEAD,error:ConnectionError
Stream 78,https://allinonedev.top/apis/stream/amrbd20/stream.m3u8?id=78,DEAD,error:ConnectionError
Stream 79,https://allinonedev.top/apis/stream/amrbd20/stream.m3u8?id=79,DEAD,error:ConnectionError
Stream 80,https://allinonedev.top/apis/stream/amrbd20/stream.m3u8?id=80,DEAD,error:ConnectionError
Stream 81,https://allinonedev.top/apis/stream/amrbd20/stream.m3u8?id=81,DEAD,error:ConnectionError
Stream 82,https://allinonedev.top/apis/stream/amrbd20/stream.m3u8?id=82,DEAD,error:ConnectionError
Stream 83,https://allinonedev.top/apis/stream/amrbd20/stream.m3u8?id=83,DEAD,error:ConnectionError
Stream 84,https://allinonedev.top/apis/stream/amrbd20/stream.m3u8?id=84,DEAD,error:ConnectionError
Stream 85,https://allinonedev.top/apis/stream/amrbd20/stream.m3u8?id=85,DEAD,error:ConnectionError
Stream 86,https://allinonedev.top/apis/stream/amrbd20/stream.m3u8?id=86,DEAD,error:ConnectionError
Stream 87,https://allinonedev.top/apis/stream/amrbd20/stream.m3u8?id=87,DEAD,error:ConnectionError
Stream 88,https://allinonedev.top/apis/stream/amrbd20/stream.m3u8?id=88,DEAD,error:ConnectionError
Stream 89,https://allinonedev.top/apis/stream/amrbd20/stream.m3u8?id=89,DEAD,error:ConnectionError
Stream 90,https://allinonedev.top/apis/stream/amrbd20/stream.m3u8?id=90,DEAD,error:ConnectionError
Stream 91,https://allinonedev.top/apis/stream/amrbd20/stream.m3u8?id=91,DEAD,error:ConnectionError
Stream 92,https://allinonedev.top/apis/stream/amrbd20/stream.m3u8?id=92,DEAD,error:ConnectionError
Stream 93,https://allinonedev.top/apis/stream/amrbd20/stream.m3u8?id=93,DEAD,error:ConnectionError
Stream 94,https://allinonedev.top/apis/stream/amrbd20/stream.m3u8?id=94,DEAD,error:ConnectionError
Stream 95,https://allinonedev.top/apis/stream/amrbd20/stream.m3u8?id=95,DEAD,error:ConnectionError
Stream 96,https://allinonedev.top/apis/stream/amrbd20/stream.m3u8?id=96,DEAD,error:ConnectionError
Stream 97,https://allinonedev.top/apis/stream/amrbd20/stream.m3u8?id=97,DEAD,error:ConnectionError
Stream 98,https://allinonedev.top/apis/stream/amrbd20/stream.m3u8?id=98,DEAD,error:ConnectionError
Stream 99,https://allinonedev.top/apis/stream/amrbd20/stream.m3u8?id=99,DEAD,error:ConnectionError
Stream 100,https://allinonedev.top/apis/stream/amrbd20/stream.m3u8?id=100,DEAD,error:ConnectionError
